Date,1COVG.DE,AALB.AS,ABB.ST,ABI.BR,ABNd.AS,ACCP.PA,ACKB.BR,AD.AS,ADP.PA,ADSGn.DE,ADYEN.AS,AEGN.AS,AGES.BR,AIR.PA,AIRF.PA,AIRP.PA,AKE.PA,AKER.OL,AKRBP.OL,AKZO.AS,ALFA.ST,ALIVsdb.ST,ALSO.PA,ALTT.PA^D20,ALVG.DE,AM.PA,AMBUb.CO,AMG.AS,AMUN.PA,APAM.AS,ARDS.AS,ARGX.BR,ASMI.AS,ASML.AS,ASRNL.AS,ASSAb.ST,ATCA.AS^A21,ATCOa.ST,ATCOb.ST,ATOS.PA,AXAF.PA,AYV.PA,AZN.ST,BAKKA.OL,BAMN.AS,BAR.BR,BASFn.DE,BAYGn.DE,BEIG.DE,BESI.AS,DATE
2024-08-30,0,-2,0,-4,1,-4,0,4,-1,-4,-8,-5,-5,-8,6,-4,-5,-1,-3,1,2,0,3,,-4,0,1,0,-3,-1,1,-12,-4,-12,-7,-2,,-2,,1,-4,-3,0,1,-1,-4,-3,-1,-4,-6,
2024-09-02,0,-2,0,-4,1,-4,0,4,-1,-4,-8,-5,-5,-8,6,-4,-5,-1,-3,1,2,0,3,,-4,0,1,0,-3,-1,1,-12,-4,-12,-7,-2,,-2,,1,-5,-3,0,1,-1,-4,-4,-1,-4,-7,
2024-09-03,0,-2,0,-4,1,-4,0,4,-1,-4,-8,-5,-5,-8,5,-4,-5,-1,-3,1,2,0,3,,-4,0,1,0,-3,-1,1,-12,-4,-12,-7,-2,,-2,,1,-5,-3,0,1,-1,-4,-5,-1,-4,-7,
2024-09-04,0,-2,0,-4,1,-4,0,4,-1,-4,-8,-5,-5,-8,5,-4,-5,-1,-3,1,2,0,3,,-4,0,1,0,-3,-1,1,-12,-4,-11,-7,-2,,-2,,1,-5,-3,0,1,-1,-4,-5,-1,-4,-7,
2024-09-05,0,-2,0,-4,1,-3,0,4,-1,-4,-8,-5,-5,-7,5,-3,-6,-1,-3,1,2,0,3,,-4,0,1,0,-3,-1,1,-12,-4,-11,-7,-1,,-2,,1,-5,-3,0,1,-1,-4,-5,-1,-4,-7,
2024-09-06,0,-2,0,-4,1,-3,0,4,-1,-4,-8,-5,-5,-7,5,-3,-6,-1,-3,1,2,0,3,,-4,0,1,0,-3,-1,1,-12,-4,-11,-7,-1,,-2,,1,-5,-3,0,1,-1,-4,-5,-2,-4,-7,
2024-09-09,0,-2,0,-4,1,-3,0,4,-1,-3,-8,-5,-5,-7,5,-3,-6,-1,-3,1,2,0,3,,-4,0,1,0,-3,-1,1,-12,-4,-11,-7,0,,-1,,1,-5,-3,0,1,-1,-4,-5,-2,-4,-7,
2024-09-10,0,-2,0,-5,1,-3,0,4,-1,-3,-8,-5,-5,-7,5,-3,-6,-1,-2,1,2,0,3,,-4,0,1,0,-3,-1,1,-12,-4,-11,-7,0,,-1,,1,-5,-3,0,1,-1,-4,-5,-2,-4,-7,
2024-09-11,0,-2,0,-5,1,-3,0,4,-1,-3,-8,-5,-5,-7,5,-3,-6,-1,-2,1,2,0,3,,-4,0,1,0,-3,-1,1,-12,-4,-11,-7,0,,-1,,1,-5,-3,1,1,-1,-4,-5,-2,-4,-7,
2024-09-12,0,-2,0,-5,0,-3,0,4,-1,-3,-8,-5,-5,-7,5,-3,-6,-1,-2,1,2,0,3,,-4,0,1,0,-3,-1,1,-12,-4,-11,-7,0,,-1,,1,-5,-3,1,1,-1,-4,-5,-2,-4,-7,
2024-09-13,0,-2,0,-5,0,-3,0,4,-1,-3,-7,-5,-5,-7,5,-3,-6,-1,-2,1,2,0,3,,-4,0,1,0,-3,-1,1,-12,-4,-11,-7,0,,-1,,1,-5,-3,1,1,-1,-4,-4,-2,-4,-7,
2024-09-14,0,-2,0,-5,0,-3,0,3,-1,-3,-7,-5,-5,-7,5,-3,-6,-1,-2,1,2,0,3,,-4,0,1,0,-3,-1,1,-12,-4,-11,-7,0,,-1,,1,-5,-3,1,1,-1,-4,-4,-2,-4,-7,
2024-09-16,0,-2,0,-5,0,-3,0,3,-1,-3,-7,-5,-4,-6,5,-3,-6,-1,-2,1,2,0,3,,-4,0,1,0,-3,-1,1,-12,-4,-11,-7,0,,-1,,1,-5,-3,1,1,-1,-4,-2,-2,-4,-7,
2024-09-17,0,-2,0,-5,0,-3,0,3,-1,-3,-7,-5,-4,-6,5,-3,-6,-1,-1,1,2,0,3,,-4,0,1,0,-3,-1,1,-12,-4,-11,-7,0,,-1,,1,-5,-3,1,1,-1,-4,-2,-2,-4,-7,
2024-09-18,0,-2,0,-5,0,-3,-1,3,-1,-3,-7,-5,-4,-6,5,-3,-6,-1,-1,1,2,0,3,,-5,0,1,0,-3,-1,1,-12,-4,-11,-7,0,,-1,,1,-5,-3,1,1,-1,-4,-2,-2,-4,-7,
2024-09-19,0,-2,0,-5,0,-3,-1,3,-1,-3,-7,-5,-4,-6,4,-3,-6,-1,-1,1,2,0,3,,-5,0,1,0,-3,-1,1,-12,-4,-11,-7,0,,-1,,1,-5,-3,1,1,-1,-4,-2,-2,-4,-7,
2024-09-20,0,-2,0,-5,0,-3,-1,3,-1,-3,-7,-5,-4,-6,4,-3,-6,-1,-1,1,2,0,3,,-5,0,1,0,-3,-1,1,-12,-4,-10,-7,0,,-1,,1,-5,-3,1,1,-1,-4,-2,-2,-4,-7,
2024-09-23,0,-2,0,-5,0,-3,-1,2,-1,-3,-7,-5,-4,-6,4,-3,-6,-1,0,1,2,0,3,,-5,0,1,0,-3,-1,1,-12,-4,-10,-7,0,,-1,,1,-5,-3,1,1,-1,-4,-2,-2,-4,-6,
2024-09-24,0,-2,0,-5,0,-3,-1,2,-1,-3,-7,-5,-4,-6,4,-3,-6,-2,-2,1,2,0,3,,-5,0,1,0,-3,-1,1,-12,-4,-10,-7,0,,-1,,1,-5,-3,1,1,-1,-4,-2,-2,-4,-6,
2024-09-25,0,-2,0,-5,0,-3,-1,2,-1,-3,-7,-5,-4,-6,2,-3,-6,-2,-2,0,2,0,3,,-5,0,1,0,-3,-1,1,-12,-4,-10,-7,0,,-1,,1,-6,-3,1,1,-1,-4,-2,-2,-4,-6,
2024-09-26,0,-2,0,-5,0,-3,-1,2,-1,-3,-7,-5,-4,-6,2,-3,-6,-2,-2,0,2,0,3,,-5,0,1,0,-3,-1,1,-12,-4,-10,-7,0,,-1,,1,-6,-2,1,1,-1,-4,-2,-2,-4,-6,
2024-09-27,0,-2,0,-5,0,-3,-1,2,0,-3,-7,-5,-4,-6,2,-3,-6,-2,-2,0,2,0,3,,-5,0,1,0,-3,-1,1,-12,-4,-11,-7,0,,-1,,1,-6,-2,1,1,-1,-4,-2,-2,-4,-6,
2024-09-30,0,-2,0,-5,0,-3,-1,2,0,-4,-7,-5,-4,-6,2,-3,-6,-2,-2,0,2,0,3,,-6,0,1,0,-3,0,1,-12,-4,-11,-7,0,,-1,,1,-7,-2,1,1,-1,-4,-4,-2,-4,-6,
2024-10-01,0,-2,0,-4,0,-3,-1,2,0,-4,-7,-5,-4,-6,1,-3,-6,-2,-2,0,2,0,3,,-6,0,1,0,-3,0,1,-12,-4,-11,-7,0,,-1,,1,-7,-2,1,1,-1,-4,-4,-2,-4,-6,
2024-10-02,-1,-2,0,-4,0,-3,-1,2,0,-4,-7,-5,-4,-6,1,-3,-6,-2,-2,0,2,0,3,,-6,0,1,0,-3,0,1,-12,-5,-11,-7,0,,-1,,1,-7,-2,1,1,-1,-4,-4,-2,-4,-7,
2024-10-04,-3,-2,0,-4,0,-3,-1,2,0,-4,-7,-5,-4,-6,1,-3,-6,-3,-2,0,2,0,3,,-6,0,1,0,-3,0,1,-11,-5,-11,-7,0,,-1,,1,-7,-2,1,1,-1,-4,-4,-2,-4,-7,
2024-10-07,-3,-2,0,-4,0,-3,-1,1,0,-4,-7,-5,-4,-6,1,-3,-6,-3,-2,0,2,0,3,,-6,0,1,0,-3,0,1,-11,-5,-11,-7,0,,-1,,1,-7,-2,1,0,-1,-4,-4,-2,-4,-7,
2024-10-08,-4,-2,0,-3,0,-3,-1,1,0,-4,-7,-5,-4,-6,1,-3,-6,-3,-2,0,2,0,3,,-6,0,1,0,-3,0,1,-11,-5,-11,-7,0,,-1,,1,-7,-2,1,0,-1,-4,-4,-2,-4,-7,
2024-10-09,-4,-2,0,-3,0,-3,-1,1,0,-4,-7,-5,-4,-6,1,-3,-6,-3,-2,0,2,0,3,,-6,0,1,0,-3,0,0,-11,-5,-11,-7,0,,-1,,1,-7,-2,1,-1,-1,-4,-4,-2,-4,-7,
2024-10-10,-4,-2,0,-3,0,-3,-1,1,-1,-4,-7,-5,-4,-6,0,-3,-6,-3,-2,0,2,0,3,,-5,0,1,0,-3,0,0,-11,-5,-11,-7,0,,-1,,1,-7,-2,1,-1,-1,-4,-4,-2,-4,-7,
2024-10-11,-4,-2,0,-3,0,-3,-1,1,-1,-4,-7,-5,-4,-6,0,-3,-6,-3,-2,0,2,0,3,,-5,0,1,0,-3,0,0,-11,-5,-12,-7,0,,-1,,1,-7,-2,1,-1,-1,-4,-4,-2,-4,-7,
2024-10-14,-4,-2,0,-3,0,-3,-1,1,-2,-4,-7,-5,-4,-6,0,-3,-6,-3,-2,0,2,0,2,,-5,0,1,0,-3,0,0,-11,-5,-12,-7,0,,-1,,1,-7,-2,1,-1,-1,-4,-4,-2,-4,-7,
2024-10-15,-4,-2,0,-3,0,-3,-1,1,-2,-4,-7,-5,-4,-6,0,-3,-6,-3,-2,0,2,0,2,,-5,0,1,0,-3,0,0,-11,-5,-12,-7,0,,-1,,1,-7,-2,1,-1,-1,-4,-3,-2,-4,-7,
2024-10-16,-4,-2,0,-3,0,-3,-1,1,-2,-4,-7,-5,-4,-6,0,-3,-6,-3,-2,0,2,0,2,,-5,0,1,0,-3,0,0,-11,-5,-13,-7,0,,-1,,1,-7,-2,1,-1,-1,-4,-3,-2,-4,-7,
2024-10-17,-4,-2,0,-3,0,-3,-1,1,-2,-6,-7,-5,-4,-6,0,-3,-6,-3,-2,0,2,0,2,,-5,0,1,0,-3,-1,0,-11,-5,-14,-7,0,,-1,,1,-7,-2,1,-1,-1,-3,-3,-2,-4,-7,
2024-10-18,-4,-2,-1,-3,0,-3,-1,0,-2,-6,-7,-5,-4,-6,0,-3,-6,-3,-2,0,2,0,2,,-5,0,1,0,-3,-1,0,-11,-5,-14,-7,0,,-1,,1,-7,-2,1,-1,-1,-3,-1,-2,-4,-7,
2024-10-21,-4,-2,-1,-3,0,-3,-1,0,-2,-6,-7,-5,-4,-6,0,-3,-6,-3,-2,0,2,0,2,,-5,0,1,0,-3,-1,0,-11,-5,-13,-7,0,,-1,,1,-7,-2,1,-1,-1,-3,-1,-2,-4,-7,
2024-10-22,-4,-2,-1,-3,0,-3,-1,0,-1,-6,-7,-6,-4,-6,0,-3,-6,-3,-2,0,2,0,2,,-5,0,1,0,-3,-1,0,-11,-5,-13,-7,0,,-1,,1,-7,-2,1,-1,-1,-3,-1,-2,-4,-7,
2024-10-23,-4,-2,-1,-3,0,-3,-1,0,-1,-5,-7,-6,-4,-6,0,-3,-6,-3,-2,0,2,0,2,,-5,0,1,0,-3,-1,0,-11,-5,-13,-7,0,,-1,,1,-7,-2,1,-1,-1,-3,-1,-2,-4,-7,
2024-10-24,-4,-3,-1,-3,0,-3,-1,0,-1,-5,-7,-6,-4,-6,0,-3,-6,-3,-2,0,2,0,2,,-5,0,1,0,-3,-1,0,-11,-5,-13,-7,1,,-1,,1,-7,-2,1,-1,-1,-3,-1,-2,-4,-7,
2024-10-25,-4,-3,-1,-3,0,-4,-1,0,-1,-5,-7,-6,-4,-6,0,-3,-6,-3,-2,0,2,0,2,,-5,0,1,0,-3,-1,0,-11,-5,-13,-7,1,,-2,,1,-7,-2,1,-1,-1,-3,-1,-2,-4,-7,
2024-10-28,-4,-3,-1,-3,0,-4,-1,0,-1,-5,-8,-6,-4,-6,0,-3,-6,-3,-2,0,2,0,2,,-5,0,1,0,-3,-1,0,-11,-5,-13,-7,1,,-2,,1,-7,-2,1,0,-1,-3,-1,-2,-4,-7,
2024-10-29,-4,-3,-1,-3,0,-4,-1,0,-1,-5,-8,-6,-4,-6,0,-3,-6,-3,-2,0,2,0,2,,-5,0,1,0,-3,-1,0,-11,-5,-13,-7,1,,-2,,1,-7,-2,1,0,-1,-3,-1,-2,-4,-7,
2024-10-30,-4,-3,-1,-3,0,-4,-1,0,-1,-5,-8,-6,-4,-6,0,-3,-6,-3,-2,0,2,0,2,,-5,0,1,0,-3,-1,0,-11,-6,-13,-7,1,,-2,,1,-7,-2,1,0,-1,-3,-1,-2,-4,-7,
2024-10-31,-4,-3,-1,-4,0,-4,-1,0,-1,-5,-8,-6,-4,-5,0,-3,-7,-3,-1,0,2,0,2,,-5,0,1,0,-3,-1,0,-11,-6,-13,-7,1,,-2,,1,-7,-2,1,0,-1,-3,-1,-2,-4,-7,
2024-11-04,-4,-3,-1,-5,0,-4,-1,0,-1,-5,-8,-6,-5,-5,0,-3,-7,-3,-1,0,2,0,2,,-5,0,1,0,-3,-1,0,-11,-6,-13,-7,1,,-2,,1,-7,-2,1,0,-1,-3,-1,-2,-4,-7,
2024-11-05,-4,-3,-1,-5,0,-4,-1,0,-1,-5,-8,-6,-5,-5,1,-3,-7,-3,-1,0,2,0,2,,-5,0,1,0,-3,-1,0,-11,-6,-13,-7,1,,-2,,1,-7,-2,1,0,-1,-3,-1,-2,-4,-7,
2024-11-06,-4,-3,-1,-5,0,-5,-1,0,-1,-5,-8,-6,-5,-5,1,-3,-6,-3,-1,0,2,0,2,,-5,0,1,0,-3,-1,0,-11,-6,-13,-7,1,,-2,,1,-7,-2,1,0,-1,-3,-1,-2,-4,-7,
2024-11-07,-4,-3,-1,-5,0,-5,-1,0,-1,-5,-8,-6,-5,-5,2,-3,-6,-3,-1,0,2,-1,2,,-5,0,1,0,-3,-1,0,-11,-6,-13,-7,1,,-2,,1,-7,-2,1,0,-1,-3,-1,-2,-4,-7,
2024-11-08,-4,-3,-1,-5,0,-5,-1,0,-1,-5,-8,-6,-5,-5,2,-3,-6,-3,-1,0,2,-1,2,,-5,0,1,0,-3,-1,0,-11,-6,-13,-7,1,,-2,,1,-7,-2,0,0,-1,-3,-1,-2,-4,-7,
2024-11-11,-4,-3,-1,-5,0,-5,-1,0,-1,-5,-7,-6,-5,-5,2,-3,-6,-3,-1,0,3,-1,2,,-5,0,1,0,-3,-1,0,-11,-7,-12,-7,1,,-2,,1,-7,-2,0,0,-1,-3,0,-2,-4,-7,
2024-11-13,-4,-3,-1,-5,0,-5,-1,0,-1,-5,-7,-6,-4,-5,2,-1,-6,-3,-1,0,3,-1,2,,-5,0,1,0,-3,-1,0,-11,-7,-12,-7,1,,-2,,1,-7,-2,-2,0,-1,-3,1,-2,-4,-7,
2024-11-14,-4,-3,-1,-5,1,-5,-1,0,-1,-5,-7,-6,-4,-5,2,-1,-6,-4,-2,0,2,-1,2,,-5,0,1,0,-3,-1,0,-11,-7,-12,-7,1,,-2,,1,-7,-2,-3,0,-1,-3,1,-2,-4,-7,
2024-11-15,-4,-3,-1,-5,1,-5,-1,0,-1,-5,-7,-6,-4,-5,2,-1,-6,-4,-2,0,2,-1,2,,-5,0,1,0,-3,-2,0,-11,-7,-12,-7,1,,-2,,1,-7,-2,-3,0,-1,-3,1,-2,-4,-7,
2024-11-18,-4,-3,-1,-5,1,-5,-1,-1,-1,-5,-7,-6,-4,-5,2,-1,-6,-4,-2,1,2,-1,1,,-5,0,1,0,-3,-2,0,-11,-7,-12,-8,1,,-2,,1,-7,-2,-3,0,-1,-3,1,-1,-4,-7,
2024-11-19,-4,-3,-1,-5,1,-5,-1,-1,-1,-5,-7,-6,-4,-5,2,-1,-6,-4,-2,1,2,-1,1,,-5,0,1,0,-3,-2,0,-11,-7,-12,-8,1,,-2,,1,-7,-2,-3,0,-1,-3,1,-1,-4,-7,
2024-11-20,-4,-3,-1,-5,1,-5,-1,-1,-1,-5,-7,-6,-4,-5,2,-1,-6,-4,-2,1,2,-1,1,,-5,0,1,0,-3,-2,0,-11,-7,-12,-8,1,,-2,,0,-7,-2,-3,0,-1,-3,1,-1,-4,-7,
2024-11-21,-4,-3,-1,-5,1,-5,0,-1,-1,-5,-7,-6,-4,-5,2,-1,-6,-4,-2,1,2,-1,1,,-5,0,1,0,-3,-2,0,-11,-7,-12,-8,1,,-2,,1,-7,-2,-3,0,-1,-3,1,-1,-4,-7,
2024-11-22,-4,-3,-1,-5,1,-5,0,-1,-1,-5,-8,-7,-4,-5,2,-1,-6,-4,-2,1,2,-1,1,,-5,0,1,0,-3,-2,0,-11,-7,-12,-8,1,,-2,,1,-7,-2,-3,0,-1,-3,1,-1,-4,-7,
2024-11-25,-4,-3,-1,-5,1,-5,0,-1,-1,-5,-9,-7,-4,-5,2,-1,-6,-4,-2,1,1,-1,1,,-5,-1,1,0,-3,-2,0,-11,-7,-12,-8,1,,-2,,1,-7,-2,-3,0,-1,-3,1,-1,-4,-7,
2024-11-26,-4,-3,-1,-5,1,-5,0,-1,-1,-5,-9,-7,-4,-5,2,-1,-5,-4,-2,1,1,-1,1,,-5,-1,1,0,-1,-2,0,-11,-7,-12,-8,1,,-2,,1,-7,-2,-3,0,-1,-3,1,-1,-4,-7,
2024-11-27,-3,-3,-1,-5,1,-5,0,-1,-1,-5,-9,-7,-4,-5,2,-1,-5,-4,-2,1,1,-1,1,,-5,-1,1,0,-1,-2,0,-11,-7,-12,-8,1,,-2,,1,-7,-2,-3,0,-1,-3,1,-1,-5,-7,
2024-11-28,-3,-3,-1,-5,1,-5,0,-1,-1,-5,-9,-7,-4,-5,2,-1,-5,-4,-2,1,2,-1,1,,-5,-1,1,0,-1,-2,0,-11,-7,-12,-8,0,,-2,,1,-7,-2,-3,0,-1,-3,1,-1,-5,-7,
2024-11-29,-3,-3,-1,-5,1,-6,0,-1,-1,-5,-9,-6,-4,-5,2,-1,-5,-4,-2,1,2,-1,1,,-5,-1,1,0,-1,-2,0,-11,-7,-12,-8,0,,-2,,1,-7,-2,-3,0,-1,-3,1,-1,-5,-7,
2024-12-02,-3,-3,-1,-5,1,-6,0,-1,-1,-5,-9,-6,-4,-5,2,-2,-5,-4,-2,0,2,-1,1,,-5,-1,1,0,-1,-2,0,-11,-7,-12,-8,0,,-2,,1,-7,-2,-3,0,-1,-3,2,-1,-5,-7,
2024-12-03,-3,-3,-1,-5,1,-6,0,-1,-1,-5,-9,-6,-4,-5,2,-2,-5,-4,-2,0,2,-1,1,,-5,-1,1,0,-1,-2,0,-11,-6,-12,-8,0,,-2,,1,-7,-2,-3,0,-1,-3,2,-1,-5,-7,
2024-12-04,-3,-3,-1,-5,1,-6,0,-1,-1,-5,-9,-6,-5,-5,2,-2,-5,-4,-2,0,2,-1,1,,-5,-1,1,0,-1,-2,0,-11,-6,-12,-9,0,,-2,,1,-7,-2,-3,0,-1,-3,2,-1,-5,-6,
2024-12-09,-3,-3,-1,-5,1,-6,0,-1,-1,-5,-9,-6,-5,-5,2,-2,-5,-4,-2,0,2,-1,1,,-5,-1,1,0,-1,-2,0,-11,-6,-12,-9,0,,-3,,1,-7,-2,-3,0,-1,-3,3,-1,-5,-6,
2024-12-10,-3,-3,-1,-5,1,-6,0,-1,-1,-5,-9,-6,-5,-4,2,-2,-5,-4,-2,0,2,-1,1,,-5,-1,1,0,-1,-2,0,-11,-6,-12,-9,0,,-3,,1,-7,-2,-3,0,-1,-3,3,-1,-5,-6,
2024-12-11,-3,-3,-1,-4,2,-6,0,-1,0,-5,-9,-6,-5,-4,2,-2,-5,-4,-2,0,2,-1,1,,-5,-1,1,0,-1,-2,0,-11,-6,-12,-9,0,,-3,,1,-7,-2,-3,0,-1,-3,3,-1,-5,-6,
2024-12-12,-3,-3,-1,-4,2,-6,0,-1,0,-5,-9,-6,-5,-4,2,-2,-5,-4,-2,0,2,-1,1,,-5,-1,1,0,-1,-2,0,-11,-6,-12,-9,0,,-3,,1,-7,-2,-3,0,-1,-3,4,-1,-5,-6,
2024-12-13,-3,-3,-1,-4,2,-6,0,-1,0,-5,-9,-6,-5,-4,2,-2,-5,-4,-2,0,2,-1,1,,-6,-1,1,0,-1,-2,0,-11,-6,-12,-9,0,,-3,,1,-7,-2,-3,0,-1,-3,4,-1,-5,-6,
2024-12-16,-3,-3,-1,-4,2,-6,0,-1,0,-5,-9,-6,-5,-5,2,-2,-5,-4,-2,0,2,-1,1,,-6,-1,1,0,-1,-2,0,-11,-6,-12,-9,0,,-3,,1,-7,-2,-3,0,-1,-3,4,-1,-5,-6,
2024-12-17,-3,-3,-1,-4,2,-6,0,-1,0,-5,-9,-6,-5,-6,2,-2,-5,-4,-2,0,2,-1,1,,-6,-1,1,0,-1,-2,0,-11,-6,-12,-9,0,,-3,,1,-7,-2,-3,0,-1,-3,4,-1,-5,-6,
2024-12-18,-3,-3,-1,-4,2,-6,0,-1,0,-5,-9,-6,-5,-6,2,-2,-5,-4,-2,0,1,-1,1,,-6,-1,1,0,-1,-2,0,-11,-6,-12,-9,0,,-3,,1,-7,-2,-3,0,-1,-3,4,-1,-5,-6,
2024-12-19,-2,-3,-1,-4,2,-6,0,-1,0,-5,-9,-6,-5,-6,2,-2,-5,-4,-2,0,1,-1,1,,-6,-1,1,0,-1,-2,0,-11,-6,-12,-9,0,,-3,,1,-7,-2,-3,0,-1,-3,4,-1,-5,-6,
2024-12-20,-1,-3,-1,-4,2,-6,0,-1,0,-5,-9,-6,-5,-6,2,-2,-5,-4,-2,0,1,-1,1,,-6,-1,1,0,-1,-2,0,-11,-6,-12,-9,0,,-3,,1,-7,-2,-3,0,-1,-4,4,-1,-5,-6,
2024-12-26,-1,-3,-1,-4,2,-6,0,-1,0,-5,-9,-6,-5,-6,2,-2,-5,-4,-2,0,1,-1,1,,-6,-1,1,0,-1,-2,0,-11,-6,-12,-9,0,,-3,,1,-7,-2,-3,0,-1,-4,4,-1,-5,-6,
2024-12-31,-1,-3,-1,-4,2,-6,0,-1,0,-5,-9,-6,-5,-6,2,-2,-5,-4,-2,0,1,-1,1,,-6,-1,1,0,-1,-2,0,-11,-6,-12,-9,0,,-3,,1,-7,-2,-3,0,-1,-4,4,0,-5,-6,
2025-01-01,-1,-3,-1,-4,2,-6,0,-1,0,-5,-9,-6,-5,-6,2,-2,-5,-4,-2,0,1,-1,1,,-6,-1,1,0,-1,-2,0,-11,-6,-12,-9,0,,-3,,1,-7,-2,-3,0,-1,-4,4,0,-5,-6,
2025-01-03,-1,-3,-1,-4,2,-6,0,-1,0,-5,-9,-6,-5,-6,2,-2,-5,-4,-2,0,1,-1,1,,-6,-1,1,0,-1,-2,0,-11,-6,-12,-9,0,,-3,,1,-7,-2,-3,0,-1,-4,4,0,-4,-6,
2025-01-06,-1,-3,-1,-3,2,-6,0,-1,0,-4,-9,-6,-5,-6,2,-2,-5,-4,-2,0,1,-1,1,,-6,-1,1,0,-1,-2,0,-11,-6,-12,-9,0,,-3,,1,-7,-2,-3,0,-1,-4,4,0,-4,-6,
2025-01-07,-1,-3,-1,-3,2,-6,0,-1,1,-4,-9,-6,-5,-6,1,-2,-5,-4,-2,0,1,-1,2,,-6,-1,1,0,-1,-2,0,-11,-6,-12,-9,0,,-3,,1,-7,-2,-3,0,-1,-3,4,0,-4,-6,
2025-01-08,-1,-3,-1,-3,2,-6,0,-1,1,-4,-9,-6,-5,-6,1,-2,-5,-4,-2,0,1,-1,2,,-6,-1,1,0,-2,-2,0,-11,-6,-12,-9,0,,-3,,1,-7,-2,-3,0,-1,-3,4,0,-2,-7,
2025-01-09,-1,-3,-1,-3,2,-6,0,-1,1,-4,-9,-6,-5,-6,1,-2,-5,-4,-2,0,1,-1,2,,-6,-1,0,0,-2,-2,0,-11,-6,-12,-9,0,,-4,,1,-7,-2,-3,0,-1,-3,4,0,-2,-7,
2025-01-13,-1,-3,-1,-3,2,-6,0,-1,1,-4,-9,-6,-5,-6,1,-2,-5,-4,-2,0,1,-1,2,,-6,-1,1,0,-2,-2,0,-11,-6,-13,-9,0,,-4,,1,-7,-2,-3,0,-1,-3,4,0,-2,-7,
2025-01-14,-1,-3,-1,-3,2,-6,0,-1,1,-4,-9,-6,-5,-6,1,-2,-5,-4,-2,0,1,-1,2,,-6,-1,1,0,-2,-2,0,-11,-6,-13,-9,0,,-3,,1,-7,-2,-3,0,-1,-3,4,0,-1,-6,
2025-01-15,-1,-3,-1,-3,2,-6,0,-1,1,-4,-9,-6,-5,-6,2,-2,-5,-4,-2,0,1,-1,2,,-6,-1,1,0,-2,-2,0,-11,-6,-13,-9,0,,-3,,1,-7,-2,-3,0,-1,-3,4,0,-1,-6,
2025-01-16,-1,-3,-1,-3,2,-6,0,-1,1,-4,-9,-6,-5,-6,2,-2,-5,-4,-2,0,1,-1,2,,-6,-1,1,0,-2,-2,0,-11,-6,-13,-9,0,,-3,,1,-7,-2,-3,-1,-1,-3,4,0,-1,-6,
2025-01-17,-1,-3,-1,-3,2,-6,0,-1,1,-4,-9,-6,-5,-6,2,-2,-5,-4,-2,0,1,-1,2,,-6,-1,1,0,-2,-2,0,-10,-6,-13,-9,0,,-3,,1,-7,-2,-3,-1,-1,-3,4,0,-1,-6,
2025-01-20,-1,-3,-1,-3,2,-6,0,-1,1,-4,-9,-6,-5,-6,2,-2,-5,-4,-2,0,1,-1,2,,-6,-1,1,0,-2,-2,0,-10,-6,-13,-9,0,,-3,,1,-7,-2,-3,0,-1,-3,3,0,-1,-6,
2025-01-21,-1,-3,-1,-3,2,-6,0,-1,1,-4,-9,-6,-5,-6,2,-2,-5,-4,-2,0,1,-1,2,,-6,-1,1,0,-2,-2,0,-10,-6,-13,-9,0,,-4,,1,-7,-2,-3,0,-1,-3,3,0,-1,-6,
2025-01-22,-1,-3,-1,-3,2,-6,0,-1,1,-4,-9,-6,-5,-6,2,-2,-5,-4,-2,0,1,-1,2,,-6,-1,1,0,-2,-2,0,-10,-6,-13,-9,0,,-4,,1,-7,-2,-3,0,-1,-3,3,0,-1,-6,
2025-01-23,-1,-3,-1,-3,2,-6,0,-1,1,-4,-9,-6,-5,-6,2,-2,-5,-4,-2,0,1,-1,2,,-6,-1,1,0,-2,-2,0,-10,-6,-12,-9,0,,-4,,1,-7,-2,-3,0,-1,-3,3,0,0,-6,
2025-01-24,-1,-3,-1,-3,2,-6,0,-1,1,-4,-9,-6,-5,-6,3,-2,-5,-4,-2,0,1,-1,2,,-6,-1,1,0,-2,-2,0,-10,-6,-12,-9,0,,-4,,1,-7,-2,-4,0,-1,-3,3,0,0,-6,
2025-01-27,-1,-3,-1,-3,2,-6,0,-1,1,-4,-9,-6,-5,-5,3,-2,-5,-4,-2,0,1,-2,2,,-6,-1,1,0,-2,-2,0,-10,-6,-12,-9,0,,-4,,1,-7,-2,-4,0,-1,-3,3,0,0,-6,
2025-01-28,-1,-3,-1,-3,2,-6,0,-1,1,-4,-9,-6,-5,-5,3,-2,-5,-4,-2,0,1,-2,2,,-6,-1,1,0,-2,-2,0,-10,-6,-12,-9,0,,-4,,1,-7,-2,-4,0,-1,-3,3,0,0,-6,
2025-01-29,-1,-3,-1,-3,2,-6,0,-1,1,-4,-8,-6,-5,-5,3,-3,-5,-4,-2,0,1,-2,2,,-6,-1,1,0,-2,-2,0,-10,-6,-12,-9,0,,-3,,1,-7,-2,-4,0,-1,-3,3,0,0,-6,
2025-01-30,-1,-3,-1,-3,2,-6,0,-1,1,-4,-8,-6,-5,-5,3,-3,-5,-4,-2,0,1,-2,2,,-6,-1,1,0,-2,-1,0,-10,-6,-11,-9,0,,-3,,1,-7,-2,-4,0,-1,-3,3,0,0,-6,
2025-01-31,-1,-3,-1,-3,2,-6,0,-1,1,-4,-8,-6,-5,-5,3,-3,-5,-4,-2,0,1,-2,2,,-6,-1,0,0,-2,-1,0,-10,-6,-11,-9,0,,-3,,1,-7,-2,-4,0,-1,-3,3,0,0,-6,
2025-02-04,-1,-3,-1,-3,2,-6,0,-2,1,-4,-8,-6,-5,-5,3,-3,-5,-4,-2,0,1,-1,2,,-6,-1,0,0,-2,-1,0,-10,-6,-11,-9,0,,-3,,1,-7,-2,-4,0,-1,-3,3,0,0,-6,
2025-02-05,-1,-3,-1,-3,2,-6,0,-2,1,-4,-8,-6,-5,-5,3,-3,-5,-4,-2,0,1,-1,2,,-6,-1,0,0,-2,-1,0,-10,-6,-11,-9,0,,-3,,1,-7,-2,-4,0,-1,-3,3,0,0,-6,
2025-02-06,-1,-3,-1,-3,2,-6,0,-2,1,-4,-9,-6,-5,-5,3,-3,-5,-4,-2,-1,2,-1,2,,-6,-1,0,0,-2,-1,0,-10,-6,-11,-9,0,,-3,,1,-7,-2,-4,0,-1,-3,2,0,0,-6,
2025-02-07,-1,-3,-1,-3,2,-6,0,-2,1,-5,-9,-6,-5,-5,3,-3,-5,-4,-2,-1,1,-1,2,,-6,-1,0,0,-2,-1,0,-10,-6,-11,-9,0,,-2,,1,-7,-2,-4,0,-1,-3,2,0,0,-6,
2025-02-11,-1,-3,-1,-4,2,-6,0,-2,1,-5,-9,-6,-5,-5,3,-3,-5,-4,-2,-1,1,-1,2,,-6,-1,0,0,-2,-1,0,-10,-6,-11,-9,0,,-2,,1,-7,-2,-4,0,-1,-3,2,0,0,-6,
2025-02-12,-1,-3,-1,-4,2,-6,0,-2,1,-5,-9,-6,-5,-5,3,-3,-5,-4,-1,-1,1,-1,2,,-6,-1,0,0,-2,-1,0,-10,-6,-11,-9,0,,-2,,1,-7,-2,-3,0,-1,-3,2,0,0,-6,
2025-02-13,-1,-3,-1,-4,2,-6,0,-2,1,-5,-9,-6,-5,-5,3,-3,-5,-4,-1,-1,1,-1,2,,-5,-1,0,0,-2,-1,0,-10,-6,-11,-9,0,,-2,,1,-7,-2,-3,0,-1,-3,2,0,0,-6,
2025-02-14,-1,-3,-1,-4,2,-6,0,-2,1,-5,-9,-6,-5,-5,3,-3,-5,-4,-1,-1,1,-1,2,,-6,-1,0,0,-1,-1,0,-10,-6,-11,-9,0,,-2,,1,-7,-2,-3,0,-1,-3,2,0,0,-6,
2025-02-17,-1,-3,-1,-4,2,-6,0,-2,1,-5,-10,-6,-7,-5,3,-3,-5,-4,-1,-1,1,-1,2,,-6,-1,0,0,-1,-1,0,-10,-6,-11,-9,0,,-2,,1,-7,-2,-3,1,-1,-3,2,0,0,-6,
2025-02-18,-1,-3,-1,-4,2,-6,0,-2,1,-5,-10,-6,-7,-5,3,-3,-5,-4,-1,-1,1,-1,2,,-6,-1,0,0,-1,-1,0,-10,-6,-11,-9,0,,-2,,1,-7,-2,-3,-1,-1,-3,2,0,0,-6,
2025-02-20,-1,-3,-1,-4,2,-6,0,-2,1,-5,-10,-6,-7,-5,3,-3,-5,-4,-1,-1,1,-1,2,,-6,-1,0,0,-1,-1,0,-10,-6,-11,-9,0,,-2,,1,-7,-2,-3,-1,-1,-3,2,0,0,-5,
2025-02-21,-1,-3,-1,-4,2,-6,0,-2,1,-5,-10,-6,-7,-6,3,-3,-5,-4,-1,-1,1,-2,2,,-6,-1,0,0,-1,-1,0,-10,-6,-11,-9,0,,-2,,1,-7,-2,-3,-1,-1,-3,2,0,0,-5,
2025-02-24,-1,-3,-1,-4,2,-5,0,-2,1,-5,-10,-6,-7,-6,3,-3,-5,-4,-1,-1,1,-2,2,,-6,-1,0,0,-1,-1,0,-10,-6,-11,-9,0,,-2,,0,-7,-2,-3,-1,-1,-3,2,0,0,-5,
2025-02-25,-1,-3,-1,-4,2,-5,0,-2,1,-6,-10,-6,-7,-6,3,-3,-5,-4,-1,-1,1,-2,2,,-6,-1,0,0,-1,-1,0,-10,-6,-10,-9,0,,-2,,0,-7,-2,-3,-1,-1,-3,2,0,0,-5,
2025-02-27,-1,-2,-1,-4,2,-5,0,-2,1,-6,-10,-6,-7,-6,3,-3,-5,-4,-1,-1,1,-2,2,,-6,-1,0,0,-1,-1,0,-10,-6,-10,-9,0,,-2,,0,-7,-2,-3,-1,-1,-3,2,0,0,-5,
2025-02-28,-1,-2,-1,-4,2,-5,0,-2,1,-6,-10,-6,-7,-6,3,-3,-5,-4,-1,-1,1,-2,2,,-6,-1,0,0,-1,-1,0,-10,-6,-10,-9,0,,-2,,0,-7,-2,-3,-2,-1,-3,2,0,0,-5,
2025-03-03,-1,-2,-1,-5,2,-5,0,-2,1,-6,-10,-6,-7,-6,3,-3,-5,-4,-1,-1,1,-2,2,,-6,-1,0,0,-1,-1,0,-9,-6,-10,-9,0,,-2,,0,-7,-2,-3,-2,-1,-3,2,0,0,-5,
2025-03-05,-1,-2,-1,-5,2,-5,0,-2,1,-6,-10,-6,-7,-6,3,-3,-5,-4,-1,-1,1,-2,2,,-6,-2,0,0,-1,-1,0,-9,-6,-10,-9,0,,-2,,0,-7,-2,-3,-2,-1,-3,2,0,0,-5,
2025-03-06,-1,-2,-1,-5,2,-5,0,-2,1,-7,-10,-6,-7,-6,1,-3,-5,-4,-1,-3,1,-2,2,,-6,-2,0,0,-1,-1,0,-9,-6,-10,-9,0,,-2,,0,-7,-2,-3,-2,-1,-3,2,0,0,-5,
2025-03-09,-1,-2,-1,-4,2,-5,0,-1,1,-7,-10,-6,-7,-5,1,-2,-5,-4,-1,-3,1,-2,2,,-5,-2,0,0,-1,-1,0,-9,-6,-9,-9,0,,-2,,0,-6,-2,-3,-2,-1,-3,2,0,0,-5,
2025-03-10,-1,-2,-1,-4,2,-5,0,-1,1,-7,-10,-6,-7,-5,1,-2,-5,-4,-1,-3,1,-2,1,,-5,-2,0,0,-1,-1,0,-9,-6,-9,-9,0,,-2,,-1,-6,-2,-3,-2,-1,-3,2,0,0,-5,
2025-03-12,-1,-2,0,-4,2,-5,0,-1,1,-7,-10,-6,-7,-4,1,-2,-5,-4,-1,-3,1,-2,1,,-5,-2,0,0,-1,-1,0,-10,-6,-9,-9,0,,-2,,-1,-6,-2,-3,-2,-1,-3,2,0,0,-5,
2025-03-13,-1,-2,0,-4,2,-5,0,-2,1,-7,-10,-6,-7,-4,1,-2,-5,-4,-1,-3,1,-2,1,,-5,-1,0,0,-1,-2,0,-10,-6,-9,-9,0,,-2,,-1,-6,-2,-3,-2,-1,-3,2,0,0,-5,
2025-03-14,-1,-2,0,-4,2,-5,0,-2,1,-7,-10,-6,-7,-4,1,-2,-5,-4,-1,-3,1,-2,1,,-5,-1,0,0,-1,-2,0,-10,-6,-9,-9,0,,-1,,-1,-6,-2,-4,-2,-1,-3,2,0,0,-5,
2025-03-17,-1,-2,0,-4,2,-5,0,-2,1,-7,-10,-6,-7,-4,1,-2,-5,-4,-1,-3,1,-2,1,,-5,-1,0,0,-1,-2,0,-8,-6,-9,-9,-1,,-1,,-1,-6,-2,-4,-2,-1,-3,2,0,0,-5,
2025-03-21,-1,-2,0,-4,2,-5,0,-2,1,-7,-10,-6,-7,-5,1,-2,-5,-4,-1,-3,1,-2,1,,-5,-1,0,0,-1,-2,0,-8,-6,-9,-9,-1,,-1,,-1,-6,-2,-4,-2,-1,-3,2,0,0,-5,
2025-03-24,-1,-2,0,-6,2,-5,0,-2,1,-7,-9,-6,-7,-5,1,-3,-5,-4,-1,-3,1,-2,1,,-5,-1,0,0,-1,-2,0,-8,-5,-9,-9,-1,,-1,,-1,-6,-2,-4,-2,-1,-3,2,0,0,-5,
2025-03-25,-1,-2,0,-6,2,-5,0,-2,1,-7,-9,-6,-7,-5,0,-3,-5,-4,-1,-3,1,-2,1,,-5,-1,0,0,-1,-2,0,-8,-5,-9,-9,-1,,-1,,-1,-6,-2,-4,-2,-1,-3,2,0,0,-5,
2025-03-26,-1,-2,0,-6,2,-4,0,-2,1,-7,-9,-6,-6,-5,1,-3,-5,-4,-1,-3,0,-2,1,,-5,-1,0,0,-1,-2,0,-8,-5,-9,-9,-1,,-1,,-1,-6,-2,-4,-2,-1,-3,2,-1,0,-5,
2025-03-27,-1,-2,0,-6,2,-4,0,-2,1,-7,-9,-6,-6,-5,2,-3,-4,-4,-1,-3,0,-2,1,,-5,-1,0,0,-1,-2,0,-8,-5,-9,-9,-1,,-1,,-1,-6,-2,-4,-2,-1,-3,3,-1,0,-5,
2025-03-28,-1,-2,0,-6,2,-4,0,-2,1,-6,-9,-6,-6,-5,2,-3,-4,-4,-1,-3,0,-2,1,,-4,-1,0,0,-1,-2,-1,-8,-5,-9,-9,-1,,-1,,-1,-6,-2,-4,-2,-1,-3,3,-1,0,-5,
2025-03-31,-1,-2,0,-6,2,-4,0,-2,1,-6,-9,-6,-6,-5,2,-3,-4,-4,-1,-3,0,-2,1,,-4,-1,0,0,-1,-2,-1,-8,-5,-8,-9,-1,,-1,,-1,-6,-2,-4,-2,-1,-3,3,-1,0,-5,
2025-04-01,-1,-2,1,-7,2,-4,-1,-2,1,-6,-9,-6,-6,-5,2,-3,-4,-4,-1,-3,0,-2,1,,-4,-1,0,0,-1,-2,-1,-8,-5,-8,-9,-1,,-1,,-1,-5,-2,-4,-2,-1,-3,3,-1,0,-5,
2025-04-02,-1,-2,1,-7,2,-4,-1,-2,1,-6,-9,-6,-6,-5,2,-3,-4,-4,-1,-3,0,-2,1,,-4,-1,0,0,-1,-2,-1,-8,-5,-8,-9,-1,,-1,,-1,-6,-2,-4,-2,-1,-4,3,-1,0,-5,
2025-04-03,-1,-2,1,-7,2,-4,-1,-2,1,-6,-9,-6,-6,-5,2,-3,-4,-4,-1,-3,0,-2,1,,-4,-1,0,0,-1,-2,-1,-8,-5,-8,-9,-1,,-1,,-1,-6,-2,-4,-1,-1,-4,3,-1,1,-5,
2025-04-04,-1,-2,1,-7,1,-4,-1,-2,1,-6,-9,-6,-6,-5,2,-3,-4,-4,-1,-3,0,-2,1,,-4,-1,0,0,-1,-2,-1,-8,-5,-9,-9,-1,,-1,,-1,-6,-2,-4,-1,-1,-4,3,-1,1,-5,
2025-04-07,-1,-2,0,-7,1,-4,-1,-2,1,-6,-9,-6,-6,-5,2,-3,-4,-4,0,-3,0,-2,1,,-4,-1,0,0,-1,-2,-1,-8,-5,-9,-9,-1,,0,,-1,-6,-2,-4,-1,-1,-4,3,-1,1,-5,
2025-04-08,-1,-2,0,-7,1,-4,-1,-2,1,-5,-8,-6,-6,-5,2,-3,-4,-4,0,-3,0,-2,1,,-4,-1,0,0,-1,-1,-1,-8,-5,-9,-9,-1,,0,,-1,-6,-2,-4,-1,-1,-4,3,-1,1,-5,
2025-04-09,-1,-2,-1,-7,1,-4,-1,-2,1,-6,-8,-6,-6,-5,2,-3,-4,-4,0,-3,-1,-2,1,,-4,-1,0,0,-1,-1,-1,-8,-5,-9,-9,-1,,0,,-1,-6,-2,-4,-1,-1,-4,3,-1,1,-5,
2025-04-10,-1,-2,-1,-7,1,-5,-1,-2,1,-6,-8,-6,-6,-5,3,-3,-4,-4,0,-3,-1,-2,1,,-4,-1,0,0,-1,-1,-1,-8,-5,-9,-9,-1,,0,,-1,-6,-2,-4,-1,-1,-4,3,-1,1,-5,
2025-04-11,-1,-2,-1,-7,1,-5,-1,-2,1,-6,-8,-6,-6,-5,3,-3,-4,-4,0,-3,-1,-2,1,,-4,-1,0,0,-1,-1,-1,-8,-4,-9,-9,-1,,0,,-1,-6,-2,-4,-1,-1,-4,3,-1,1,-3,
2025-04-14,-1,-2,-1,-7,1,-5,-1,-2,1,-6,-8,-6,-6,-5,3,-3,-4,-4,0,-3,-1,-2,1,,-4,-1,0,0,-1,-1,-1,-7,-4,-8,-9,-1,,0,,-1,-6,-2,-4,-1,-1,-4,3,-1,1,-3,
2025-04-15,-1,-2,-1,-7,1,-5,-1,-2,0,-7,-8,-6,-6,-5,3,-3,-4,-4,0,-3,-1,-2,1,,-4,-1,0,0,-1,-1,0,-7,-4,-8,-9,-1,,1,,-1,-6,-2,-4,-1,-1,-4,3,-1,1,-3,
2025-04-16,-1,-2,-1,-7,1,-5,-1,-2,0,-7,-8,-6,-6,-5,3,-3,-4,-4,0,-3,-1,-2,1,,-4,-1,0,0,-1,-1,0,-7,-4,-8,-9,-1,,1,,-1,-6,-2,-4,-1,-1,-4,3,-1,2,-3,
2025-04-18,-1,-2,-1,-7,1,-5,-1,-2,0,-7,-8,-6,-6,-5,3,-3,-4,-4,0,-3,-1,-2,1,,-4,0,0,0,-1,-1,0,-7,-4,-8,-9,-1,,1,,-1,-6,-2,-4,-1,-1,-4,3,-1,2,-3,
2025-04-21,-1,-2,-1,-7,1,-5,-1,-2,0,-6,-8,-6,-6,-5,3,-3,-4,-4,0,-3,-1,-2,1,,-4,0,0,0,-1,-1,0,-7,-4,-8,-9,-1,,1,,-1,-6,-2,-4,-1,-1,-4,3,-1,2,-3,
2025-04-22,-1,-2,-1,-7,1,-5,-1,-2,0,-6,-8,-6,-6,-5,2,-3,-4,-4,0,-3,-1,-2,1,,-4,0,0,0,-1,-1,0,-7,-4,-8,-9,-1,,1,,-1,-6,-2,-4,0,-1,-4,3,-1,2,-3,
2025-04-23,-1,-2,-2,-7,1,-5,-1,-2,0,-6,-8,-6,-6,-5,2,-3,-5,-4,0,-4,-1,-2,1,,-4,0,0,0,-1,-1,0,-7,-4,-8,-9,-1,,1,,-1,-6,-2,-4,0,-1,-4,3,-1,2,-3,
2025-04-24,-1,-2,-2,-7,1,-5,-1,-2,0,-5,-8,-6,-6,-5,2,-3,-5,-4,0,-4,-1,-2,1,,-4,0,0,0,-1,-1,0,-7,-4,-8,-9,-3,,1,,-1,-6,-2,-4,0,-1,-4,3,-1,2,-3,
2025-04-25,-1,-2,-2,-7,1,-4,-1,-2,0,-5,-8,-6,-6,-5,2,-3,-5,-4,0,-4,-1,-2,1,,-4,0,0,0,-1,-1,0,-7,-4,-8,-9,-3,,1,,-1,-6,-2,-4,0,-1,-4,3,-1,2,-4,
2025-04-28,-1,-2,-2,-7,1,-4,-1,-2,0,-5,-8,-6,-6,-4,2,-3,-5,-4,0,-4,-1,-2,1,,-4,0,0,0,-1,-1,0,-7,-4,-8,-9,-2,,1,,-1,-6,-2,-4,0,-1,-4,3,-1,2,-5,
2025-04-29,-1,-2,-2,-7,0,-4,-1,-2,0,-5,-8,-6,-6,-4,2,-2,-5,-4,0,-4,-1,-2,1,,-4,0,0,0,-1,-1,0,-7,-4,-8,-9,-2,,1,,-1,-6,-2,-4,1,-1,-4,3,-1,2,-5,
2025-04-30,-1,-2,-2,-7,0,-4,-1,-2,0,-5,-8,-6,-6,-4,2,-2,-5,-4,0,-4,-1,-2,1,,-4,0,0,0,-1,-1,0,-7,-4,-8,-9,-2,,0,,-1,-6,-2,-4,1,-1,-4,3,-1,2,-5,
2025-05-01,-1,-2,-2,-7,0,-4,-1,-2,0,-5,-8,-6,-6,-4,3,-2,-5,-4,0,-4,-1,-2,1,,-4,0,0,0,-1,-1,0,-7,-4,-8,-9,-2,,0,,-1,-6,-2,-4,1,-1,-4,3,-1,2,-5,
2025-05-02,-1,-2,-2,-7,0,-4,-1,-2,0,-5,-8,-6,-6,-3,3,-2,-5,-4,0,-4,-1,-2,1,,-4,0,0,0,-1,-1,0,-7,-5,-8,-9,-2,,0,,-1,-6,-2,-4,1,-1,-4,2,0,2,-5,
2025-05-05,-1,-2,-2,-7,0,-4,-1,-2,0,-6,-8,-6,-6,-3,3,-2,-5,-4,0,-4,-1,-2,1,,-4,0,0,0,-1,-1,0,-7,-5,-8,-9,-2,,0,,-1,-6,-2,-4,1,-1,-4,2,0,2,-5,
2025-05-06,-1,-2,-2,-6,0,-4,-1,-2,0,-6,-8,-6,-6,-3,3,-2,-5,-4,0,-4,-1,-2,1,,-4,0,0,0,-1,-1,0,-7,-5,-8,-9,-2,,0,,-2,-6,-2,-4,0,-1,-4,2,0,2,-5,
2025-05-07,-1,-2,-2,-6,0,-4,-1,-2,0,-6,-8,-7,-6,-3,3,-2,-5,-4,0,-4,-1,-2,1,,-4,0,-1,0,-1,-1,0,-7,-5,-8,-9,-2,,0,,-2,-6,-2,-4,0,-1,-4,2,0,2,-5,
2025-05-08,-1,-2,-2,-6,0,-4,-1,-3,0,-6,-8,-7,-6,-3,3,-2,-4,-4,0,-4,-1,-2,1,,-4,0,-1,0,-1,-1,0,-7,-5,-8,-9,-2,,0,,-2,-6,-2,-4,0,-1,-4,2,0,2,-5,
2025-05-09,-1,-2,-2,-6,0,-4,-1,-3,0,-6,-8,-7,-6,-3,3,-2,-4,-4,0,-4,-1,-2,1,,-4,0,-1,0,-1,-1,0,-7,-5,-8,-9,-2,,0,,-2,-6,-2,-4,0,-1,-4,2,0,2,-6,
2025-05-12,-1,-2,-2,-7,0,-4,-1,-3,0,-6,-8,-7,-6,-3,3,-2,-4,-4,0,-4,-1,-2,1,,-4,0,-2,0,-1,-1,0,-7,-5,-8,-9,-2,,0,,-2,-6,-2,-4,0,-1,-4,2,0,2,-6,
2025-05-13,-1,-2,-2,-7,0,-4,-1,-3,0,-6,-10,-7,-6,-3,3,-2,-4,-4,0,-4,-1,-2,1,,-4,0,-2,0,-1,-1,0,-7,-5,-8,-9,-2,,0,,-2,-6,-2,-4,0,-1,-4,2,0,2,-6,
2025-05-14,-1,-2,-2,-7,-1,-4,-1,-3,0,-6,-10,-7,-6,-3,3,-2,-4,-4,0,-4,-1,-2,0,,-4,0,-2,0,-1,-1,0,-7,-5,-8,-8,-2,,0,,-2,-6,-2,-4,0,-1,-4,2,0,2,-6,
2025-05-15,-1,-2,-2,-7,-1,-4,-1,-3,0,-6,-10,-7,-6,-2,3,-2,-4,-4,0,-4,-1,-2,0,,-4,1,-2,0,-1,-1,0,-7,-5,-7,-8,-2,,0,,-2,-6,-2,-4,0,-1,-4,2,0,2,-6,
2025-05-16,-1,-2,-2,-7,-1,-4,-1,-3,0,-6,-10,-7,-6,-2,3,-2,-4,-4,0,-4,-1,-2,1,,-3,1,-2,0,-1,-1,0,-7,-5,-7,-8,-2,,0,,-2,-6,-2,-4,0,-1,-4,2,0,2,-6,
2025-05-19,-1,-2,-2,-7,-1,-4,-1,-3,0,-6,-10,-7,-6,-2,3,-2,-4,-4,1,-4,-1,-2,1,,-3,1,-2,0,-1,-1,0,-7,-5,-8,-8,-2,,0,,-1,-7,-2,-4,0,-1,-4,2,0,2,-6,
2025-05-20,-1,-2,-2,-7,-1,-4,-1,-3,0,-6,-10,-7,-6,-2,3,-2,-4,-5,1,-4,-1,-2,1,,-2,1,-2,0,-1,-1,0,-7,-6,-8,-8,-2,,0,,-1,-7,-2,-4,-2,-1,-4,1,0,2,-5,
2025-05-21,-1,-2,-2,-7,-2,-4,-1,-3,0,-6,-10,-7,-6,-2,3,-2,-4,-5,1,-4,-1,-2,1,,-2,1,-2,0,-1,-1,0,-7,-6,-9,-8,-2,,0,,-1,-7,-2,-4,-1,-1,-4,1,0,2,-5,
2025-05-22,-1,-2,-2,-7,-3,-4,0,-3,0,-6,-10,-7,-6,-2,3,-2,-4,-5,1,-4,-1,-2,1,,-2,1,-2,0,-1,0,0,-7,-6,-9,-8,-2,,0,,-1,-7,-2,-4,-1,-1,-4,1,0,2,-5,
2025-05-23,-1,-2,-2,-7,-3,-4,0,-3,0,-5,-10,-7,-6,-2,3,-2,-4,-5,1,-4,-1,-2,1,,-2,1,-2,0,-1,0,0,-7,-6,-9,-7,-2,,0,,-1,-7,-2,-4,-1,-1,-4,1,0,2,-5,
2025-05-25,-1,-2,-2,-7,-3,-4,0,-3,0,-5,-10,-7,-6,-2,3,-2,-4,-5,1,-4,-1,-2,1,,-2,1,-2,0,-1,0,0,-7,-6,-9,-7,-2,,0,,0,-7,-2,-4,-1,-1,-4,1,0,2,-5,
2025-05-27,-1,-2,-2,-7,-3,-4,0,-3,0,-5,-10,-7,-6,-2,3,-3,-4,-5,1,-4,-1,-2,1,,-2,1,-2,0,-1,0,0,-7,-6,-9,-7,-1,,0,,0,-7,-2,-4,-1,-1,-4,0,0,2,-5,
2025-05-28,-1,-2,-2,-7,-3,-3,0,-2,0,-5,-9,-6,-6,-2,3,-2,-3,-5,1,-4,-1,-2,2,,-2,1,-2,0,-1,0,0,-7,-6,-9,-6,0,,-1,,0,-7,-1,-4,-1,-1,-4,0,0,2,-5,
2025-05-29,-1,-2,-2,-7,-3,-3,0,-2,0,-5,-9,-6,-6,-2,3,-2,-3,-5,1,-4,-1,-2,2,,-2,1,-2,0,-1,0,0,-7,-6,-9,-6,0,,-1,,0,-7,-1,-4,-1,-1,-4,2,0,2,-5,
2025-05-30,-1,-2,-2,-7,-3,-3,0,-2,0,-4,-9,-6,-6,-2,3,-2,-3,-5,1,-4,-1,-2,2,,-2,1,-2,0,-1,0,0,-7,-6,-9,-6,0,,-1,,0,-7,-1,-4,-1,-1,-4,2,0,2,-5,
2025-06-02,-1,-2,-2,-7,-3,-3,0,-2,0,-4,-10,-6,-6,-2,3,-2,-3,-5,1,-4,-1,-2,2,,-2,1,-2,0,-1,0,0,-7,-6,-9,-6,0,,-1,,0,-7,-1,-4,-2,-1,-4,2,0,2,-5,
2025-06-03,-1,-2,-2,-7,-3,-3,0,-2,0,-4,-10,-6,-6,-2,3,-2,-3,-5,1,-4,-1,-2,2,,-2,1,-2,0,-1,0,0,-7,-7,-8,-6,0,,-1,,0,-7,-1,-4,-2,-1,-4,2,0,2,-5,
2025-06-04,-1,-2,-2,-7,-3,-3,0,-2,0,-4,-11,-6,-6,-2,3,-2,-3,-5,1,-4,-1,-2,2,,-2,1,-2,0,-1,0,0,-7,-6,-8,-5,0,,-1,,0,-7,-1,-4,-2,-1,-4,2,0,2,-5,
2025-06-05,-1,-2,-2,-7,-3,-3,0,-2,0,-4,-11,-6,-6,-3,3,-2,-3,-5,1,-3,-1,-2,3,,-2,1,-2,0,-1,0,0,-7,-6,-8,-5,0,,-1,,0,-7,-1,-4,-2,-1,-4,2,-1,2,-5,
2025-06-06,-1,-2,-2,-7,-3,-3,0,-2,0,-4,-11,-6,-6,-3,3,-2,-3,-5,1,-3,-1,-2,3,,-1,1,-2,0,-1,0,0,-7,-6,-8,-4,0,,-1,,0,-7,-1,-4,-2,-1,-4,2,-1,2,-5,
2025-06-08,-1,-2,-2,-7,-3,-3,0,-2,0,-4,-11,-6,-6,-3,3,-2,-3,-6,1,-3,-1,-2,3,,-1,1,-2,0,-1,0,0,-7,-6,-8,-4,0,,-1,,0,-7,-1,-3,-2,-1,-4,2,-1,2,-5,
2025-06-09,-1,-2,-2,-7,-3,-3,0,-1,0,-3,-11,-6,-5,-2,3,-2,-3,-6,1,-4,-1,-2,3,,1,1,-2,0,-1,0,0,-7,-6,-8,-4,0,,-1,,0,-6,-1,-3,-2,-1,-4,1,-2,2,-5,
2025-06-10,-1,-2,-2,-7,-3,-3,0,-1,0,-3,-11,-6,-5,-2,3,-2,-3,-6,1,-4,-1,-2,3,,1,1,-2,0,-1,0,0,-7,-6,-8,-4,0,,-1,,0,-6,-1,-3,-2,-1,-4,1,-2,2,-4,
2025-06-11,-1,-2,-2,-7,-3,-3,0,-1,0,-3,-11,-6,-5,-2,3,-2,-3,-6,2,-4,-1,-2,3,,2,1,-2,0,-1,0,0,-7,-6,-8,-4,0,,-1,,0,-6,-1,-3,-2,-1,-4,1,-2,2,-4,
2025-06-12,-1,-2,-2,-7,-3,-3,0,-1,-1,-3,-11,-6,-5,-2,3,-2,-3,-6,2,-4,-1,-2,3,,2,1,-2,0,-1,0,0,-7,-6,-8,-4,0,,-1,,0,-6,-1,-3,-2,-1,-4,1,-2,2,-6,
2025-06-13,-1,-3,-2,-7,-3,-3,0,-1,-1,-3,-11,-6,-5,-2,3,-2,-3,-6,2,-4,-1,-2,2,,2,1,-2,0,-1,0,0,-7,-6,-8,-4,0,,-1,,0,-6,-1,-3,-2,-1,-4,1,-2,2,-6,
2025-06-15,-1,-3,-2,-7,-3,-3,0,-1,-1,-3,-11,-6,-5,-2,3,-2,-4,-5,2,-4,-1,-2,2,,2,1,-2,0,-1,0,0,-7,-6,-8,-4,0,,-1,,0,-6,-1,-3,-2,-1,-4,1,-2,2,-6,
2025-06-16,-1,-3,-2,-7,-3,-3,0,-2,-1,-3,-11,-6,-5,-3,3,-2,-4,-5,2,-3,-1,-2,2,,1,1,-2,0,-1,0,0,-7,-6,-9,-4,0,,-1,,0,-7,-1,-3,-2,-1,-4,1,-1,2,-6,
2025-06-18,-1,-3,-2,-7,-3,-3,0,-2,-1,-3,-11,-6,-5,-3,3,-2,-4,-5,2,-3,-1,-2,2,,1,1,-2,0,-1,0,0,-7,-6,-9,-4,0,,-1,,0,-7,-1,-3,-2,-1,-4,1,-1,1,-6,
2025-06-19,-1,-3,-2,-7,-3,-3,1,-2,-1,-3,-11,-6,-5,-3,2,-2,-4,-5,2,-3,-1,-3,2,,1,1,-2,0,-1,0,0,-7,-6,-9,-4,0,,-1,,0,-7,-1,-3,-2,-1,-4,1,-1,1,-6,
2025-06-20,-1,-3,-2,-7,-3,-3,1,-2,-1,-3,-11,-6,-5,-3,2,-2,-4,-5,1,-3,-1,-3,2,,1,1,-2,0,-1,0,0,-7,-6,-9,-4,0,,-1,,0,-7,-1,-3,-2,-1,-4,1,-1,1,-6,
2025-06-23,-1,-3,-2,-7,-3,-3,1,-2,-1,-3,-11,-6,-5,-3,2,-2,-4,-5,1,-3,-1,-3,2,,1,1,-2,0,-1,0,0,-7,-6,-9,-4,0,,-1,,0,-7,-2,-3,-2,-1,-4,1,-1,1,-6,
2025-06-24,-1,-3,-2,-7,-3,-3,1,-2,-1,-3,-11,-6,-5,-3,2,-2,-4,-5,1,-3,-1,-3,2,,1,1,-2,0,-1,0,0,-7,-6,-9,-5,0,,-1,,0,-7,-2,-3,-2,-1,-4,1,-1,2,-6,
2025-06-25,-1,-3,-2,-7,-3,-3,1,-2,-1,-3,-11,-6,-5,-3,2,-2,-5,-5,2,-3,-1,-3,2,,1,1,-2,0,-1,0,0,-7,-6,-9,-5,0,,-1,,0,-7,-2,-3,-2,-1,-4,1,-1,2,-6,
2025-06-26,-1,-3,-2,-7,-3,-3,1,-2,-1,-3,-11,-6,-5,-3,2,-2,-5,-5,2,-3,-1,-3,2,,1,1,-2,-1,-1,0,0,-7,-7,-10,-5,0,,-1,,0,-7,-2,-3,-2,-1,-4,1,-1,2,-6,
2025-06-27,-1,-3,-2,-7,-3,-3,1,-2,-1,-3,-11,-6,-5,-3,2,-2,-5,-5,2,-4,-1,-3,2,,1,1,-2,-1,-1,0,0,-7,-7,-10,-5,0,,-1,,0,-7,-2,-3,-2,-1,-4,1,-1,2,-6,
2025-06-30,-1,-3,-2,-7,-3,-3,1,-2,-1,-3,-11,-6,-5,-3,2,-2,-5,-5,2,-5,-1,-3,2,,1,1,-2,-1,-1,0,0,-7,-8,-10,-5,0,,-1,,0,-6,-2,-3,-2,-1,-4,0,-1,2,-6,
2025-07-01,-1,-3,-2,-7,-3,-3,1,-2,-1,-3,-10,-6,-5,-3,2,-2,-5,-5,2,-5,-1,-3,2,,1,1,-2,-1,-1,0,0,-7,-8,-10,-5,0,,-1,,-1,-6,-2,-3,-2,-1,-4,0,-1,2,-6,
2025-07-02,-1,-3,-2,-7,-3,-3,1,-2,-1,-3,-10,-6,-5,-3,2,-2,-5,-5,2,-5,-1,-2,2,,1,1,-2,-1,-1,0,0,-7,-8,-10,-4,0,,-1,,-1,-6,-2,-3,-2,-1,-4,0,-1,2,-6,
2025-07-03,-1,-3,-2,-7,-1,-3,1,-2,-1,-3,-9,-6,-5,-3,2,-2,-5,-5,2,-5,-1,-2,2,,1,1,-2,-1,-1,0,0,-7,-8,-10,-4,0,,-1,,-1,-7,-2,-3,-2,-1,-4,0,-1,2,-6,
2025-07-07,-1,-3,-2,-8,-1,-3,1,-2,-1,-3,-9,-6,-5,-3,2,-2,-5,-5,2,-4,-1,-2,2,,1,1,-2,-1,-1,0,0,-6,-7,-10,-4,0,,-1,,-1,-7,-2,-3,-2,-1,-4,2,-1,2,-6,
2025-07-08,-1,-3,-2,-8,-1,-4,1,-2,-1,-3,-9,-6,-5,-3,2,-2,-4,-5,2,-4,-1,-2,2,,1,1,-2,-1,-1,0,0,-7,-7,-10,-4,0,,-1,,-1,-7,-2,-3,-2,-1,-4,2,-1,2,-6,
2025-07-10,-1,-3,-2,-8,-1,-4,1,-2,-1,-3,-9,-6,-5,-3,2,-2,-4,-5,2,-4,-1,-2,2,,1,1,-2,-1,-1,-1,0,-7,-7,-10,-4,0,,-1,,-1,-7,-2,-3,-2,-1,-4,2,-1,2,-6,
2025-07-11,-1,-3,-2,-8,-1,-4,1,-2,-1,-3,-9,-6,-5,-3,2,-2,-4,-5,2,-4,-1,-2,1,,1,1,-2,-1,-1,-1,0,-7,-7,-10,-4,0,,-1,,-1,-7,-2,-3,-2,-1,-4,2,-1,2,-6,
2025-07-13,-1,-3,-2,-8,-1,-4,1,-2,-1,-3,-9,-6,-5,-3,2,-2,-4,-5,2,-4,-1,-2,1,,1,1,-2,-1,-1,-1,0,-7,-7,-10,-4,0,,-1,,-1,-7,-2,-3,-2,-1,-4,2,-1,3,-6,
2025-07-14,-1,-3,-2,-8,-1,-4,1,-2,-1,-4,-9,-6,-5,-3,2,-2,-4,-5,2,-4,-1,-2,1,,1,1,-2,-1,-1,-1,0,-6,-7,-11,-4,0,,-1,,-1,-7,-2,-3,-2,-1,-4,2,-1,3,-6,
2025-07-15,-1,-3,-2,-8,-1,-4,1,-2,-1,-3,-8,-6,-5,-3,2,-2,-3,-5,2,-4,-1,-2,1,,1,2,-2,-1,-1,-1,0,-6,-9,-10,-4,0,,-1,,-1,-7,-1,-3,-2,-1,-4,3,-1,3,-5,
2025-07-16,-1,-3,-2,-8,-1,-4,1,-2,0,-3,-8,-6,-5,-3,2,-2,-3,-5,2,-4,-1,-2,1,,1,2,-2,-1,-1,-1,0,-6,-9,-12,-4,0,,-1,,-1,-7,-1,-3,-2,0,-3,3,-1,3,-5,
2025-07-17,-1,-3,-2,-8,-1,-4,1,-2,0,-3,-8,-6,-5,-3,2,-2,-3,-5,2,-4,-1,-2,1,,1,2,-2,-1,-1,-1,0,-6,-9,-13,-4,0,,-1,,-1,-7,-1,-3,-2,0,-3,3,-1,3,-5,
2025-07-18,-1,-3,-2,-8,-1,-4,1,-2,0,-3,-8,-6,-5,-3,2,-2,-3,-5,2,-4,-1,-2,1,,1,2,-2,-1,-1,-1,0,-6,-9,-13,-4,0,,-1,,-1,-7,-1,-3,-2,0,-3,3,-1,3,-5,
2025-07-21,-1,-3,-2,-8,-1,-4,1,-2,0,-3,-8,-6,-5,-3,2,-2,-3,-5,2,-4,-1,-1,1,,1,2,-2,-1,-1,-1,0,-6,-9,-12,-4,0,,-2,,-1,-7,-1,-3,-2,0,-3,3,-1,3,-5,
2025-07-22,-1,-3,-2,-7,-1,-4,1,-2,0,-3,-9,-6,-5,-3,2,-2,-3,-5,2,-4,0,-1,1,,1,2,-2,-1,-1,-1,0,-6,-9,-12,-4,0,,-2,,-1,-7,-1,-3,-2,0,-3,3,-1,3,-5,
2025-07-23,-1,-3,-2,-7,-1,-4,1,-2,0,-3,-9,-6,-5,-3,2,-2,-3,-5,2,-4,-1,-1,1,,1,2,-2,0,-1,-1,0,-6,-9,-12,-4,0,,-2,,-1,-7,-2,-3,-2,0,-3,3,-1,3,-5,
2025-07-24,-1,-3,-2,-7,-1,-4,1,-2,0,-3,-9,-6,-5,-3,2,-2,-3,-5,2,-4,-1,-1,1,,1,2,-2,0,-1,-1,0,-6,-9,-12,-4,0,,-2,,-1,-7,-2,-3,-2,0,-3,3,-1,3,-4,
2025-07-25,-1,-3,-2,-7,-1,-4,1,-2,0,-3,-9,-6,-5,-3,2,-2,-3,-5,1,-4,-1,-1,1,,1,2,-2,0,-1,-1,0,-6,-9,-12,-4,0,,-2,,-1,-7,-2,-3,-2,0,-3,2,-1,3,-4,
2025-07-28,-1,-3,-2,-7,-1,-4,1,-2,0,-3,-9,-6,-5,-3,2,-2,-3,-5,1,-4,-1,-1,1,,1,3,-2,0,-1,-1,0,-6,-9,-12,-4,0,,-2,,-1,-7,-2,-3,-2,0,-3,2,-2,3,-4,
2025-07-29,-1,-3,-2,-7,-1,-4,1,-2,0,-3,-9,-6,-5,-3,2,-3,-3,-5,1,-4,-1,-1,1,,1,3,-2,0,-1,-1,0,-6,-9,-12,-4,0,,-2,,-1,-7,-2,-3,-2,0,-3,2,-2,3,-4,
2025-07-31,-1,-3,-2,-7,-1,-4,1,-2,0,-3,-9,-6,-5,-2,2,-3,-3,-5,1,-4,-1,-1,1,,1,3,-2,0,-1,-1,0,-6,-9,-12,-4,0,,-2,,-1,-7,-2,-3,-2,0,-3,2,-2,3,-4,
2025-08-01,-1,-3,-2,-7,-1,-3,1,-2,0,-5,-9,-6,-5,-2,2,-3,-3,-5,1,-4,-1,-1,1,,1,3,-2,0,-1,-1,0,-6,-9,-12,-4,0,,-2,,-1,-7,-2,-3,-2,0,-3,3,-1,3,-4,
2025-08-04,-1,-3,-2,-7,-1,-3,1,-2,0,-5,-8,-6,-5,-2,2,-3,-3,-5,1,-4,-1,-1,1,,1,3,-2,0,-1,-1,0,-7,-8,-12,-4,0,,-2,,-1,-7,-2,-3,-2,0,-3,3,-1,3,-4,
2025-08-06,-1,-3,-2,-7,-1,-3,1,-2,0,-5,-9,-6,-5,-2,2,-3,-3,-5,1,-4,-1,-1,1,,1,3,-2,0,-1,-1,0,-7,-8,-12,-4,0,,-2,,-1,-7,-2,-3,-2,0,-3,3,-1,3,-4,
2025-08-07,-2,-3,-2,-7,-1,-3,1,-2,0,-5,-9,-6,-5,-2,2,-3,-3,-5,1,-4,-1,-1,1,,1,3,-2,0,-1,-1,0,-7,-8,-12,-4,0,,-2,,-1,-7,-2,-3,-2,0,-3,3,-1,2,-4,
2025-08-09,-1,-3,-2,-7,-1,-3,1,-2,0,-5,-9,-6,-5,-2,2,-3,-3,-5,1,-4,-1,-1,1,,1,3,-2,0,-1,-1,0,-7,-8,-12,-4,0,,-2,,-1,-7,-2,-3,-2,0,-3,3,-1,2,-4,
2025-08-12,-1,-3,-2,-7,-1,-3,1,-2,0,-5,-9,-6,-5,-2,2,-3,-3,-5,1,-4,-1,-1,1,,1,3,-2,0,-1,-1,0,-7,-8,-12,-4,0,,-2,,-1,-7,-2,-3,-3,0,-3,3,-1,2,-4,
2025-08-13,-1,-3,-2,-7,-1,-3,1,-2,0,-5,-9,-6,-5,-2,1,-3,-3,-5,1,-4,-1,-1,1,,1,3,-2,0,-1,-1,0,-7,-8,-12,-4,0,,-2,,-1,-7,-2,-3,-3,0,-3,3,-1,2,-4,
2025-08-14,-1,-3,-2,-7,-1,-3,1,-2,0,-5,-9,-6,-5,-3,1,-3,-3,-5,1,-4,-1,-1,1,,1,3,-2,0,-1,-1,0,-7,-8,-12,-4,0,,-2,,-1,-7,-2,-3,-3,0,-3,3,-1,2,-4,
2025-08-18,-1,-3,-2,-6,-1,-3,1,-2,0,-5,-9,-6,-5,-3,1,-3,-3,-5,1,-4,-1,-1,1,,1,3,-2,0,-1,-1,0,-7,-8,-12,-4,0,,-2,,-1,-7,-2,-3,-2,0,-3,3,-1,2,-4,
2025-08-19,-1,-3,-2,-5,-1,-3,1,-2,0,-3,-9,-6,-5,-3,1,-3,-3,-5,1,-4,-1,-1,1,,1,3,-2,0,-1,-1,0,-7,-8,-12,-4,0,,-2,,-1,-7,-2,-3,-2,0,-3,1,0,2,-4,
2025-08-20,-1,-3,-2,-5,-1,-3,1,-2,0,-3,-9,-6,-5,-3,1,-3,-3,-5,1,-4,-1,-1,1,,1,3,-2,0,-1,-1,0,-7,-8,-12,-5,0,,-2,,-1,-7,-2,-3,-2,0,-3,1,0,2,-4,
2025-08-21,-1,-3,-2,-5,-1,-3,1,-1,0,-3,-9,-6,-5,-3,1,-3,-3,-5,1,-4,-1,-1,1,,1,3,-2,0,-1,-1,0,-7,-8,-12,-5,-1,,-2,,-1,-7,-2,-3,-2,0,-3,1,0,2,-4,
2025-08-25,-1,-3,-2,-5,-1,-3,1,-1,0,-2,-10,-6,-5,-3,1,-3,-3,-5,1,-5,-1,-1,1,,1,3,-2,0,-1,-1,0,-7,-8,-13,-5,-1,,-2,,-1,-7,-2,-3,-2,0,-3,1,0,2,-4,
2025-08-27,-1,-3,-2,-5,-1,-3,1,-1,0,-2,-10,-6,-5,-3,1,-3,-3,-5,1,-5,-1,-1,1,,1,3,-2,0,-1,-1,0,-7,-8,-13,-5,-1,,-2,,-1,-7,-2,-3,-1,0,-3,1,0,2,-4,
2025-08-29,-1,-3,-1,-5,-1,-3,1,-1,0,-2,-10,-6,-5,-3,1,-3,-3,-4,1,-5,0,-1,1,,1,3,-1,0,-1,-1,0,-7,-8,-13,-5,-1,,-1,,-1,-7,-3,-2,0,0,-3,1,0,2,-4,
2025-09-01,-1,-3,-1,-6,-1,-3,1,-1,0,-2,-10,-6,-5,-3,1,-3,-3,-4,1,-5,0,-1,1,,1,3,-1,0,-1,-1,0,-7,-8,-12,-5,-1,,-1,,-1,-7,-3,-2,0,0,-3,1,0,2,-4,
2025-09-02,-1,-3,-1,-6,-1,-3,1,-1,0,-2,-10,-6,-5,-3,1,-3,-3,-4,1,-5,0,-1,1,,1,3,-1,0,-1,-1,0,-7,-8,-12,-5,-1,,-1,,-1,-7,-3,-2,0,0,-3,1,0,2,-4,
2025-09-03,-1,-3,-1,-6,-1,-3,1,-1,0,-1,-10,-6,-5,-3,1,-3,-3,-4,1,-5,0,-1,1,,1,3,-1,0,-1,-1,0,-7,-8,-11,-5,-1,,-1,,-1,-6,-3,-2,0,0,-3,1,0,2,-4,
2025-09-04,-1,-3,-1,-6,-1,-3,1,-1,0,-1,-10,-6,-5,-4,1,-3,-3,-4,1,-5,0,-1,1,,1,2,-1,0,-1,-1,0,-7,-8,-12,-5,-1,,-2,,-1,-6,-3,-2,0,0,-3,1,0,2,-4,
2025-09-05,-1,-3,-1,-6,-1,-3,1,-1,0,-1,-10,-5,-5,-4,1,-3,-3,-4,1,-5,0,-1,1,,1,2,-1,0,-1,-1,0,-7,-8,-12,-4,-1,,-2,,-1,-6,-3,-2,0,0,-3,1,0,2,-4,
2025-09-08,-1,-3,-1,-5,-1,-3,1,-1,0,-1,-10,-6,-5,-4,1,-3,-3,-4,1,-5,0,-1,1,,1,2,-1,0,-1,-1,0,-7,-8,-14,-5,-1,,-2,,-1,-6,-3,-2,0,0,-3,1,0,2,-4,
2025-09-10,-1,-3,-1,-5,-1,-3,1,-1,0,-1,-10,-6,-5,-4,1,-3,-3,-4,1,-5,0,-1,1,,1,2,-1,0,-1,-1,0,-7,-8,-14,-5,-1,,-2,,-1,-6,-3,-2,0,0,-3,2,0,2,-4,
2025-09-11,-1,-3,-1,-5,-2,-3,1,-1,0,-1,-10,-6,-5,-4,1,-4,-3,-4,1,-5,0,-1,1,,1,2,-1,0,-1,-1,0,-6,-8,-14,-5,-1,,-2,,-1,-6,-3,-2,0,0,-3,2,0,2,-4,
2025-09-15,-1,-3,-1,-5,-2,-3,1,-1,0,-1,-9,-6,-5,-4,1,-4,-3,-4,1,-6,0,-1,1,,1,2,-1,0,-1,-1,0,-6,-8,-14,-5,-1,,-2,,-1,-6,-3,-2,0,0,-3,2,0,2,-4,
2025-09-16,-1,-3,-1,-5,-2,-3,1,-1,0,-1,-8,-6,-5,-4,1,-4,-3,-4,1,-6,0,-1,1,,1,2,-1,0,-1,-1,0,-6,-9,-14,-5,-1,,-2,,-1,-6,-3,-2,0,0,-3,2,0,1,-4,
2025-09-18,-1,-3,-1,-5,-2,-3,1,-1,0,-1,-8,-6,-5,-4,1,-3,-3,-4,1,-6,0,-1,1,,1,2,-1,0,-1,-1,0,-6,-9,-14,-5,-1,,-2,,-1,-6,-3,-2,0,0,-3,3,0,1,-4,
2025-09-19,-1,-3,-1,-5,-2,-3,1,-1,0,-1,-8,-6,-5,-5,1,-3,-3,-4,1,-6,0,-1,1,,1,4,-1,0,-1,-1,0,-6,-9,-14,-4,-1,,-2,,-1,-6,-3,-2,0,0,-3,3,0,1,-4,
2025-09-21,-1,-3,-1,-5,-2,-3,1,0,0,-1,-8,-6,-5,-5,1,-3,-3,-4,1,-6,0,-1,1,,1,4,-1,0,-1,-1,0,-6,-9,-14,-4,-1,,-2,,-1,-6,-3,-2,0,0,-3,3,0,1,-4,
2025-09-22,-1,-3,-1,-5,-3,-3,1,0,0,-1,-9,-6,-5,-5,1,-3,-3,-4,1,-6,0,-1,1,,1,4,-1,0,-1,-1,0,-6,-10,-15,-4,-1,,-2,,-1,-6,-3,-2,0,0,-3,4,0,1,-4,
2025-09-24,-1,-3,-1,-5,-3,-3,1,0,0,-1,-9,-6,-5,-5,1,-3,-3,-4,1,-6,0,-1,1,,1,4,-1,0,-1,-1,0,-6,-10,-15,-4,-1,,-2,,-1,-6,-3,-2,0,0,-3,4,0,1,-4,
2025-09-26,-1,-3,-1,-5,-3,-3,1,0,0,-1,-9,-6,-5,-4,1,-3,-3,-4,1,-6,0,-2,1,,1,4,-1,0,-1,-1,0,-6,-10,-15,-4,-1,,-2,,-1,-6,-4,-2,0,0,-3,4,0,1,-4,
2025-09-29,-1,-3,-2,-6,-2,-3,1,0,0,-1,-9,-6,-5,-4,1,-3,-3,-4,1,-6,0,-2,1,,1,4,-1,0,-1,-1,0,-6,-10,-15,-4,-1,,-2,,-1,-6,-4,-2,0,0,-3,4,0,1,-4,
2025-10-01,-1,-3,-2,-6,-2,-3,1,0,0,-2,-9,-6,-5,-4,1,-3,-3,-4,1,-5,0,-2,1,,1,4,-1,0,-1,-1,0,-6,-10,-15,-4,-1,,-2,,-1,-6,-4,-2,0,0,-3,4,0,1,-4,
2025-10-02,-1,-3,-2,-6,-2,-3,1,0,0,-2,-9,-6,-5,-4,1,-3,-3,-4,1,-5,0,-2,0,,1,4,-1,0,-1,-1,0,-6,-10,-15,-4,-1,,-2,,-1,-6,-4,-2,0,0,-3,4,0,1,-4,
2025-10-03,-1,-3,-2,-6,-4,-3,1,0,0,-2,-9,-6,-5,-4,1,-3,-3,-4,1,-5,0,-2,0,,1,4,-1,0,-1,-1,0,-6,-10,-15,-4,-1,,-2,,-1,-6,-4,-2,0,0,-3,4,0,1,-4,
2025-10-06,-1,-3,-2,-6,-4,-3,1,0,0,-2,-9,-6,-5,-4,1,-2,-4,-4,1,-5,-1,-2,0,,1,4,-1,0,-1,-1,0,-6,-10,-16,-4,-1,,-2,,-1,-6,-4,-2,-1,0,-3,4,0,1,-4,
2025-10-07,-1,-3,-2,-6,-4,-3,1,0,0,-2,-10,-6,-5,-4,1,-2,-4,-4,1,-5,-1,-2,0,,1,4,0,0,-1,-1,0,-6,-10,-16,-3,-1,,-2,,-1,-6,-4,-2,-1,0,-3,3,0,1,-4,
2025-10-09,-1,-3,-2,-7,-4,-3,1,0,0,-2,-10,-6,-5,-4,1,-2,-4,-4,2,-5,-1,-2,-1,,1,4,0,0,-1,-1,0,-6,-10,-16,-3,-1,,-2,,-1,-6,-4,-2,-1,0,-3,3,0,1,-4,
2025-10-10,-1,-3,-2,-7,-4,-3,1,0,0,-2,-10,-6,-5,-4,1,-2,-4,-4,2,-5,-1,-2,-1,,1,4,0,0,-1,-1,0,-6,-11,-15,-3,-1,,-2,,-1,-6,-4,-2,-1,0,-3,1,0,1,-4,
2025-10-13,-1,-3,-2,-7,-4,-3,1,0,0,-2,-10,-6,-5,-4,1,-3,-4,-4,2,-5,-1,-2,-1,,1,4,0,0,-1,-1,0,-6,-10,-15,-3,-1,,-2,,-1,-6,-4,-2,-1,0,-3,2,0,1,-4,
2025-10-14,-1,-3,-2,-7,-4,-3,1,0,0,-3,-10,-6,-5,-4,1,-3,-4,-4,2,-5,-1,-2,-1,,1,4,0,0,-1,-1,0,-6,-10,-15,-3,-1,,-2,,-1,-6,-4,-2,-1,0,-3,4,0,1,-4,
2025-10-15,-1,-3,-2,-7,-4,-3,1,0,0,-3,-10,-6,-5,-4,1,-3,-4,-4,2,-5,-1,-2,-1,,1,4,0,0,-1,-1,0,-6,-10,-15,-3,-1,,-2,,-1,-6,-4,-2,-1,0,-3,5,0,1,-4,
2025-10-16,-1,-3,-2,-7,-4,-3,1,-1,0,-3,-10,-6,-5,-4,1,-3,-4,-4,2,-5,-1,-2,-1,,1,4,0,0,-1,-1,0,-6,-10,-15,-3,-1,,-2,,-1,-6,-4,-2,-1,1,-3,5,0,1,-4,
2025-10-20,-1,-3,-2,-7,-4,-3,1,-1,-2,-3,-10,-6,-5,-4,1,-3,-4,-4,2,-5,-1,-2,-1,,1,4,0,0,-1,-1,0,-6,-10,-15,-3,-1,,-2,,-1,-6,-4,-3,-1,1,-3,5,0,1,-4,
2025-10-21,-1,-3,-2,-7,-4,-3,1,-1,-2,-3,-11,-6,-5,-4,1,-3,-4,-4,2,-5,-1,-3,-1,,1,4,0,0,-1,-1,0,-6,-10,-15,-3,-1,,-2,,-1,-6,-4,-3,-1,1,-3,5,0,1,-4,
2025-10-22,-1,-3,-2,-7,-4,-3,1,-1,-2,-3,-11,-6,-5,-4,1,-3,-4,-4,2,-5,-1,-3,-1,,1,4,0,0,-1,-1,0,-6,-10,-15,-3,-1,,-2,,-2,-6,-4,-3,-1,1,-3,5,0,1,-4,
2025-10-23,-1,-2,-2,-7,-4,-3,1,-1,-2,-3,-11,-6,-5,-4,1,-3,-4,-4,2,-5,-1,-3,-1,,1,4,0,0,-1,-1,0,-6,-10,-15,-3,0,,-2,,-2,-6,-4,-3,-1,1,-3,5,0,1,-4,
2025-10-27,-1,-2,-2,-7,-4,-3,1,-1,-2,-3,-11,-6,-5,-4,1,-3,-4,-4,2,-5,-1,-3,-1,,1,4,0,0,-1,-1,0,-6,-10,-15,-3,0,,-2,,-2,-6,-4,-3,-1,2,-3,5,0,1,-4,
2025-10-28,-1,-2,-2,-7,-4,-3,1,-1,-2,-3,-11,-6,-5,-4,1,-3,-4,-4,2,-5,-1,-3,-1,,1,4,0,0,-1,-1,0,-6,-11,-15,-3,0,,0,,-2,-6,-4,-3,-1,2,-3,5,0,1,-4,
2025-10-30,-1,-2,-2,-7,-4,-3,1,-1,-2,-3,-11,-6,-5,-5,1,-3,-4,-4,2,-5,-1,-3,-1,,1,4,0,0,-1,-1,1,-6,-11,-15,-3,0,,0,,-2,-6,-4,-3,-1,2,-3,5,0,1,-4,
2025-11-03,-1,-2,-2,-7,-4,-3,1,-1,-2,-3,-11,-6,-5,-5,1,-3,-4,-4,2,-5,-1,-3,-1,,2,4,0,0,-1,-1,1,-6,-11,-15,-3,0,,0,,-2,-6,-4,-3,-1,2,-3,5,0,1,-4,
2025-11-04,-1,-2,-2,-7,-4,-3,1,-1,-2,-3,-11,-6,-5,-5,1,-3,-4,-4,2,-4,-1,-3,-1,,2,4,0,0,-1,-1,1,-6,-11,-15,-3,0,,0,,-2,-6,-4,-3,-1,2,-3,5,0,1,-4,
2025-11-05,-1,-2,-2,-7,-4,-3,1,-1,-2,-3,-11,-6,-5,-5,1,-3,-4,-4,2,-4,-1,-3,-1,,2,4,0,0,0,-1,1,-6,-11,-15,-3,0,,0,,-2,-6,-4,-3,-2,2,-3,5,0,1,-4,
2025-11-06,-1,-2,-2,-7,-4,-3,1,0,-2,-3,-11,-6,-5,-5,-1,-3,-4,-4,2,-4,-1,-3,-1,,2,4,0,0,0,-1,1,-6,-11,-15,-3,0,,0,,-2,-6,-4,-3,-2,2,-3,5,0,1,-4,
2025-11-07,-1,-2,-2,-7,-4,-3,1,0,-2,-3,-11,-6,-5,-5,-1,-3,-4,-4,2,-4,-1,-3,-1,,2,4,0,0,0,-2,1,-6,-10,-16,-3,0,,0,,-2,-6,-4,-3,-2,2,-3,5,0,1,-4,
2025-11-10,-1,-2,-2,-7,-4,-3,0,0,-2,-3,-11,-6,-5,-5,-1,-3,-4,-4,2,-4,-1,-3,-1,,2,4,0,0,0,-1,1,-6,-10,-16,-4,0,,0,,-2,-6,-4,-3,-2,2,-3,5,0,1,-4,
2025-11-11,-1,-2,-2,-7,-4,-3,0,0,-2,-3,-11,-6,-5,-5,-1,-3,-3,-4,2,-4,-1,-3,-1,,2,4,0,0,0,-1,1,-6,-10,-16,-4,0,,0,,-2,-6,-4,-3,-2,2,-3,5,0,1,-4,
2025-11-12,-1,-1,-2,-7,-5,-3,0,0,-2,-3,-11,-6,-5,-5,-1,-3,-3,-4,2,-4,-1,-3,-1,,2,4,0,0,0,-1,1,-6,-10,-16,-4,0,,0,,-2,-6,-4,-3,-2,2,-3,5,0,1,-4,
2025-11-13,-1,-1,-2,-7,-5,-3,0,0,-2,-2,-11,-6,-5,-5,-1,-3,-3,-4,2,-4,-1,-3,0,,2,4,0,0,0,-1,1,-6,-11,-17,-4,0,,0,,-2,-6,-4,-3,-2,2,-3,5,0,1,-4,
2025-11-17,-1,-1,-2,-7,-5,-3,0,0,-2,-3,-11,-6,-5,-5,-1,-3,-3,-4,2,-4,-1,-3,0,,2,4,0,0,0,-1,2,-6,-11,-17,-4,0,,0,,-2,-6,-4,-3,-2,2,-3,5,0,1,-4,
2025-11-18,-1,-1,-2,-7,-5,-3,0,0,-2,-3,-11,-6,-5,-5,-1,-3,-3,-4,2,-3,-1,-3,0,,2,4,0,0,0,-1,2,-6,-11,-17,-4,0,,0,,-2,-6,-4,-3,-2,2,-3,5,0,1,-4,
2025-11-20,-1,-1,-2,-7,-5,-3,0,0,-2,-3,-11,-6,-5,-5,-1,-3,-3,-4,2,-3,-1,-3,0,,2,3,0,0,0,-1,2,-6,-11,-17,-4,0,,0,,-2,-6,-4,-3,-2,2,-3,5,0,1,-4,
2025-11-24,-1,-1,-2,-7,-5,-3,0,0,-2,-3,-11,-6,-5,-5,-1,-3,-2,-4,2,-3,-1,-3,0,,2,3,0,0,0,-1,2,-7,-11,-17,-4,0,,0,,-2,-6,-4,-3,-2,2,-3,6,0,1,-4,
2025-11-28,-1,-1,-2,-6,-5,-3,0,0,-2,-3,-11,-6,-5,-5,-1,-3,-2,-4,2,-3,-1,-3,0,,2,3,0,0,0,-1,2,-7,-11,-17,-4,0,,0,,-2,-6,-4,-3,-2,2,-3,6,0,1,-4,
